{
  "display": {
    "icon": {
      "item": "unitech:copper_ore"
    },
    "title": {
      "translate": "advancements.get_copper.title"
    },
    "description": {
      "translate": "advancements.get_copper.descr"
    },
    "frame": "task",
    "show_toast": true,
    "announce_to_chat": false,
    "hidden": false
  },
  "criteria": {
    "get_copper": {
      "trigger": "minecraft:inventory_changed",
      "conditions": {
        "items": [
          {
            "item": "unitech:copper_ore",
            "count": {
              "min": 1,
              "max": 64
            }
          }
        ]
      }
    }
  },
  "parent": "unitech:unitech_root"
}