{
  "display": {
    "icon": {
      "item": "unitech:silke_badge"
    },
    "title": {
      "translate": "advancements.silke_adv.title"
    },
    "description": {
      "translate": "advancements.silke_adv.descr"
    },
    "frame": "challenge",
    "show_toast": true,
    "announce_to_chat": false,
    "hidden": false
  },
  "criteria": {
    "silke_adv": {
      "trigger": "minecraft:inventory_changed",
      "conditions": {
        "items": [
          {
            "item": "unitech:silke_badge",
            "count": {
              "min": 1,
              "max": 64
            }
          }
        ]
      }
    }
  },
  "parent": "unitech:unitech_root"
}